26,25
m1,bangsue mrt,1,13.803161, 100.539340
m2,,0,13.798515, 100.537962
m3,kampaengpet mrt,1,13.797803,100.547588
m4,,0,13.798006, 100.550694
m5,jatujak mrt,1,13.803851, 100.554062
m6,pahonyothin mrt,1,13.813564, 100.559825
m7,ladprao mrt,1,13.806000, 100.573525
m8,,0,13.805343, 100.574630
m9,ratchadaphisek mrt,1,13.799160, 100.574459
m10,suthisarn mrt,1,13.789011, 100.574008
m11,huaykwang mrt,1,13.778946, 100.573944
m12,,0,13.770005, 100.572978
m13,culturalcenter mrt,1,13.767254, 100.571476
m14,,0,13.760960, 100.565983
m15,phraram9 mrt,1,13.757771, 100.565275
m16,petchburi mrt,1,13.748496, 100.563151
m17,sukumwit mrt,1,13.736970, 100.561048
m18,,0,13.735135, 100.560769
m19,,0,13.732634, 100.559546
m20,qncc mrt,1,13.723859, 100.560039
m21,,0,13.720502, 100.558902
m22,khlongtuei mrt,1,13.722608, 100.553774
m23,lumphini mrt,1,13.726381, 100.545040
m24,silom mrt,1,13.729778, 100.536801
m25,samyan mrt,1,13.732780, 100.529526
m26,hualumlong mrt,1,13.737991, 100.516888
m1,m2
m2,m3
m3,m4
m4,m5
m5,m6
m6,m7
m7,m8
m8,m9
m9,m10
m10,m11
m11,m12
m12,m13
m13,m14
m14,m15
m15,m16
m16,m17
m17,m18
m18,m19
m19,m20
m20,m21
m21,m22
m22,m23
m23,m24
m24,m25
m25,m26
